ICAO,takeOffV2,takeOffDistance,takeOffWTC,takeOffRECAT,takeOffMTOW,initialClimbIAS,initialClimbROC,climb150IAS,climb150ROC,climb240IAS,climb240ROC,machClimbMACH,machClimbROC,cruiseTAS,cruiseMACH,cruiseCeiling,cruiseRange,initialDescentMACH,initialDescentROD,descentIAS,descentROD,approachIAS,approachROD,approachMCS,landingVat,landingDistance,landingAPC
A10,140,1200,M,Lower Medium,22700,170,6000,300,2500,300,2400,0.63,2000,300,0.58,340,540,0.67,5000,300,5000,250,1500,,140,610,C
A109,,,L,Light,3000,90,1900,100,1000,100,1000,,,140,,19600,521,,,130,1000,100,1000,,40,,A
A124,140,2800,H,Super Heavy,405000,160,800,270,1200,270,900,0.72,500,430,0.78,390,3200,0.72,1000,290,2000,250,1500,250,140,900,C
A129,,,L,Light,4600,90,2050,135,500,135,500,,,140,,155,275,,,140,2000,100,1000,,40,,A
A19N,135,1900,M,Upper Medium,75500,165,2500,290,2200,290,1500,0.78,1000,450,0.78,390,3750,0.78,1000,290,3000,230,1500,210,130,1500,C
A20N,145,1951,M,Upper Medium,79000,175,2200,290,2000,290,1500,0.78,1000,450,0.78,390,3500,0.78,1000,290,3000,250,1500,210,135,1650,C
A21N,145,2150,M,Upper Medium,97000,175,2000,290,1500,290,1200,0.78,1000,450,0.78,390,4000,0.78,1500,290,2500,250,1300,210,140,1850,C
A225,195,3500,J,Special,600000,250,1700,330,1900,330,1900,0.78,650,458,0.78,450,3000,0.78,1500,330,2200,250,1500,230,150,,C
A306,160,2240,H,Lower Heavy,171700,190,3000,290,3200,290,2500,0.78,800,470,0.79,370,4150,0.78,1000,290,2000,240,1500,220,139,1532,C
A30B,160,2850,H,Lower Heavy,165000,190,3000,290,3200,290,2500,0.78,800,470,0.79,350,3000,0.78,1000,290,2000,240,1500,220,141,1635,C
A310,160,2290,H,Lower Heavy,150000,190,2500,260,3000,260,2800,0.79,1500,480,0.8,400,5100,0.79,1500,290,2000,240,1000,220,139,1490,C
A318,135,1400,M,Upper Medium,59000,165,3000,290,2000,290,2000,0.76,1000,460,0.79,390,1500,0.76,800,290,3500,250,1500,210,125,1300,C
A319,135,1750,M,Upper Medium,64000,165,2500,290,2200,290,1500,0.78,1000,450,0.79,390,1800,0.78,1000,290,3500,230,1500,210,130,1350,C
A320,145,2190,M,Upper Medium,73900,175,2500,290,2000,290,1400,0.78,1000,450,0.79,390,2700,0.78,1000,290,3500,250,1500,210,137,1440,C
A321,145,2210,M,Upper Medium,83000,175,2500,290,2000,290,1800,0.78,1000,450,0.79,410,2350,0.78,1000,290,2500,225,1500,210,141,1600,C
A332,145,2300,H,Upper Heavy,230000,175,2000,290,2500,290,2200,0.8,1500,470,0.81,410,6750,0.8,1000,290,3000,230,1600,200,140,1800,C
A333,145,2300,H,Upper Heavy,230000,175,2000,290,2000,290,1300,0.8,1000,475,0.81,410,5650,0.81,1000,290,3000,220,1500,200,140,1700,C
A338,145,2300,H,Upper Heavy,251000,175,2000,290,1500,290,1200,0.8,1000,475,0.81,410,8150,0.81,1500,290,3000,220,1500,200,140,1850,C
A339,145,2350,H,Upper Heavy,251000,175,2000,290,1500,290,1200,0.8,1000,475,0.81,410,7200,0.81,1500,290,3000,220,1500,200,140,1850,D
A342,145,2765,H,Upper Heavy,275000,175,1500,290,1200,290,1000,0.81,700,490,0.82,410,8000,0.81,1000,290,2000,250,1500,210,150,1765,D
A343,145,2765,H,Upper Heavy,275000,175,1400,290,1500,290,1000,0.8,700,490,0.82,410,7200,0.81,1000,290,2000,250,1500,210,150,1830,D
A345,145,3200,H,Upper Heavy,368000,175,1500,290,1200,290,1000,0.81,600,480,0.82,410,8800,0.81,1000,290,2000,250,1500,210,155,1920,D
A346,145,3140,H,Upper Heavy,368000,175,1500,290,1200,290,1000,0.81,800,480,0.82,410,7750,0.81,1000,290,2000,250,1500,210,155,2000,D
A359,150,888,H,Upper Heavy,268000,220,3000,300,2300,300,1600,0.82,1400,490,0.85,430,8100,0.85,1500,250,3000,240,1500,220,140,888,C
A35K,155,2600,H,Upper Heavy,319000,220,2500,300,2000,300,1500,0.82,1000,490,0.85,410,8700,0.85,1500,270,2500,240,1500,220,150,2000,D
A388,150,2970,J,Super Heavy,560000,190,1500,320,2500,320,1300,0.83,1000,520,0.85,430,8000,0.83,1000,300,2000,250,1000,230,140,2010,C
A3ST,,1950,H,Lower Heavy,155000,180,1200,250,1500,250,1600,0.68,500,400,0.69,310,2500,0.68,1500,290,1500,240,1000,210,140,1176,C
A4,130,230,M,Light,11136,150,8500,300,5000,300,3000,0.75,3000,580,0.88,420,1700,0.75,6000,310,6000,270,2000,180,135,400,C
A400,120,940,H,Lower Heavy,141000,155,2000,220,1550,220,1500,0.65,800,422,0.72,400,1800,0.68,2000,250,2500,190,1500,135,130,625,C
A6,140,900,M,Lower Medium,28000,170,10000,300,10000,300,10000,0.7,10000,420,0.75,410,1000,0.75,5000,350,5000,250,1500,,110,600,B
A748,110,1000,M,Lower Medium,21090,140,1000,180,1200,180,600,,,220,,250,1400,,,220,1000,220,1500,170,120,620,B
AC11,70,350,L,Light,1480,100,800,110,200,110,200,,,150,,160,750,,,140,500,140,500,67,70,220,A
AC50,80,400,L,Light,3060,110,1000,130,500,130,500,,,160,,190,1100,,,160,800,160,500,,75,400,A
AC56,80,400,L,Light,3060,110,1000,130,500,130,500,,,160,,190,1000,,,160,800,160,500,,75,400,A
AC68,80,350,L,Light,3860,110,1000,130,500,130,,,,160,,280,1200,,,160,800,160,500,,75,400,A
AC6L,80,350,L,Light,4650,110,1000,130,500,130,,,,170,,200,1200,,,170,800,170,500,,75,400,A
AC95,100,500,L,Light,5080,130,2000,210,1000,210,1000,,,270,,350,800,,,250,1500,250,1500,,100,500,B
AEST,95,550,L,Light,2860,125,1500,180,1300,180,800,,,230,,290,1200,,,230,2500,160,500,,100,350,B
AJET,140,350,M,Light,7000,170,10000,300,4000,300,3000,,,500,0.83,480,1200,0.84,5000,300,5000,120,1500,93,92,500,B
AMXM,140,700,M,No code,13000,170,10000,300,10000,300,10000,0.8,2000,420,0.83,430,800,,,350,10000,250,1500,,140,500,C
AN12,130,700,M,Upper Medium,61000,160,1500,220,1000,220,800,,,310,,330,2100,,,300,1500,150,1000,120,122,500,C
AN2,45,150,L,Light,5500,75,650,75,-500,75,,,,100,,150,500,,,100,500,100,50,,55,170,A
AN22,,1300,H,Upper Heavy,225000,,,,,,,,,350,0.65,328,3500,,,250,1000,200,1000,,140,800,C
AN24,110,900,M,Lower Medium,21000,140,1500,200,1000,200,1000,,,240,,280,600,,,240,1500,240,1500,170,120,900,B
AN26,120,1200,M,Lower Medium,24000,150,1500,200,1000,200,800,,,235,,260,600,,,240,1500,240,1500,170,105,700,B
AN28,80,400,L,Light,6500,110,900,140,700,140,700,,,170,,200,550,,,170,800,170,800,,90,210,A
AN30,110,800,M,Lower Medium,21800,140,1500,200,800,200,700,,,235,,270,1400,,,240,1500,150,1000,,95,700,B
AN32,110,1200,M,Lower Medium,27000,140,1500,210,1000,210,1000,,,250,,300,900,,,260,1500,150,1000,,100,880,B
AN38,100,500,M,Light,8800,130,1000,160,1000,160,1000,,,200,,140,800,,,200,800,200,800,,120,900,B
AN70,120,1800,M,Lower Heavy,130000,150,1500,300,1000,300,1000,0.7,700,400,0.73,360,2600,0.73,800,340,1500,200,1500,,140,2000,C
AN72,110,900,M,Lower Medium,34500,140,2500,230,1300,230,800,0.62,500,360,0.55,380,1500,0.64,800,230,1500,170,1000,140,100,470,B
AS32,,,M,Light,9350,80,1500,80,700,80,700,,,140,,170,460,,,130,1000,90,1000,,40,,A
ASTR,130,1600,M,Light,11180,160,3000,290,2500,290,2000,0.81,1500,470,0.83,450,2500,0.85,1000,290,4000,200,1500,170,120,900,B
AT43,110,1100,M,Lower Medium,16700,140,1000,210,1000,210,1000,,,255,,250,1700,,,240,1500,200,1500,170,120,1000,B
AT44,115,1100,M,Lower Medium,17900,140,1900,210,1200,210,1000,,,260,,250,1700,,,250,1500,250,1500,170,120,1000,B
AT45,110,1000,M,Lower Medium,18600,140,1500,220,1500,220,1000,,,300,,260,1000,,,230,1500,200,1500,170,110,1000,B
AT72,110,1500,M,Lower Medium,21500,140,1500,210,1000,210,1000,,,275,,250,1500,,,260,1500,200,1500,170,120,1100,B
AT75,110,1367,M,Lower Medium,23000,140,1350,210,1000,210,800,,,280,,250,825,,,275,1500,200,1500,175,120,1100,B
ATLA,110,1500,M,Upper Medium,43500,140,2000,220,1000,220,1000,,,275,,320,2200,,,280,1500,190,1000,100,130,1500,C
ATP,105,1351,M,Lower Medium,22930,140,1000,185,600,185,600,,,266,,250,1000,,,230,1500,180,800,140,105,1128,B
B06,,,L,Light,1451,60,1350,,,,,,,120,,135,374,,,120,1100,80,1000,,40,,A
B1,175,1700,H,Lower Heavy,216365,205,,370,,370,,0.85,1000,440,0.8,500,6500,0.9,1000,350,3000,250,1500,,150,1500,D
B190,110,1150,M,Light,7690,145,2500,210,1200,210,1200,,,270,,250,1500,,,250,1500,250,1500,180,120,825,B
B2,195,,H,Special,170550,230,1500,300,1300,300,1200,0.74,1000,450,0.78,500,6600,0.78,800,350,3000,250,1500,,140,1500,C
B230,,,L,Light,3810,60,1600,80,400,80,400,,,130,,155,378,,,130,1000,60,1000,,40,,A
B350,120,1000,L,Light,6800,150,2000,230,1500,230,1000,,,300,0.47,350,1800,,,280,1500,250,1500,150,110,820,B
B37M,145,2100,M,Upper Medium,80000,165,2800,290,2500,290,2200,0.78,1800,453,0.79,410,3850,0.78,1000,290,3500,250,1500,215,145,1500,C
B38M,145,2500,M,Upper Medium,82600,165,2500,290,2300,290,2000,0.78,1500,453,0.79,410,3550,0.78,1000,290,3500,250,1500,215,145,1500,D
B39M,149,2600,M,Upper Medium,88300,165,2300,290,2000,290,1800,0.78,1400,453,0.79,410,3550,0.78,1000,290,3500,250,1500,220,150,1700,D
B3XM,150,2700,M,Upper Medium,89800,165,2000,290,1800,290,1500,0.78,1000,453,0.79,410,3300,0.78,1000,290,3500,250,800,225,155,1800,D
B412,,,L,Light,5397,80,1300,100,800,100,800,,,125,,200,402,120.0,1000,120,1000,60,800,,40,,A
B430,,,L,Light,4218,60,1400,,,,,,,130,,146,324,,,130,1000,60,800,,40,,A
B461,125,1600,M,Lower Medium,23290,155,1500,220,2000,220,1200,0.65,500,380,0.65,310,1120,0.68,800,250,3000,250,1500,200,125,1200,C
B462,125,1030,M,Lower Medium,42200,155,1500,220,2000,220,1200,0.65,500,380,0.65,310,1120,0.68,800,250,3000,250,1500,200,125,1235,C
B463,125,1600,M,Lower Medium,46000,155,1500,250,2000,250,1200,0.65,500,380,0.65,310,1100,0.68,800,250,3000,250,1500,200,125,1200,C
B52,,3000,H,Special,221350,,3000,300,,300,,0.72,1000,415,0.75,470,8600,0.84,800,300,3000,250,1500,,170,2000,E
B701,,,M,Upper Medium,86184,160,1300,377,1600,377,1400,0.81,800,470,0.8,390,3530,,,289,1640,240,1200,240,130,,C
B703,130,3000,H,Lower Heavy,150800,160,2000,290,1500,290,1500,0.76,1000,470,0.8,390,5000,0.75,800,300,3000,250,1500,240,140,1200,C
B712,130,2100,M,Lower Medium,54885,165,3000,270,3000,270,3000,0.72,1500,435,0.76,370,2060,0.72,800,290,3500,210,1500,,139,1600,C
B720,175,2515,M,Lower Heavy,108000,240,1700,280,1300,280,1000,0.78,1100,480,0.85,390,3600,0.84,1000,280,2000,240,1500,220,133,1740,C
B722,145,3000,M,Upper Medium,95300,175,2000,290,2000,290,2000,0.72,500,450,0.8,400,2500,0.72,800,280,3500,210,1500,1300,133,1500,C
B731,145,1800,M,Lower Medium,49950,175,1500,250,1500,250,1500,0.68,500,420,0.72,370,1500,0.68,800,270,3000,250,1500,210,140,1400,C
B732,145,1830,M,Lower Medium,52390,175,1500,250,1200,250,1000,0.68,500,400,0.72,370,1200,0.7,800,280,3500,250,1500,210,131,1400,C
B733,140,1600,M,Lower Medium,56470,165,2500,270,2000,270,1400,0.7,1000,429,0.74,370,1600,0.7,800,280,3500,250,1500,210,132,1400,C
B734,150,2000,M,Lower Medium,62820,175,3000,270,2500,270,2000,0.7,1000,430,0.74,370,2100,0.74,1500,280,3500,250,1500,210,139,1500,C
B735,139,1500,M,Lower Medium,52390,165,3000,270,2500,270,1800,0.7,1000,430,0.74,370,1600,0.74,1000,280,3500,250,1500,210,128,1400,C
B736,135,1900,M,Upper Medium,56240,185,3000,250,2500,250,2000,0.72,1500,460,0.78,410,3200,0.78,1000,280,3500,250,1500,190,130,1300,C
B737,150,1800,M,Upper Medium,66320,165,3000,280,2500,280,2500,0.74,1500,460,0.78,410,2500,0.76,800,280,3500,250,1500,190,137,1400,C
B738,145,2300,M,Upper Medium,70530,165,3000,290,2000,290,2000,0.78,1500,460,0.79,410,2000,0.78,800,280,3500,250,1500,210,147,1600,D
B739,149,2300,M,Upper Medium,79015,165,3000,290,2000,290,2000,0.72,1500,460,0.78,410,2745,0.79,1000,280,3500,250,1500,210,150,1700,D
B741,170,3190,H,Upper Heavy,333400,200,1000,290,1500,290,1000,0.82,1000,500,0.82,450,5290,0.84,1000,290,3000,240,1500,240,150,1900,D
B742,173,3200,H,Upper Heavy,374850,220,1000,300,1500,300,1200,0.82,1000,495,0.83,450,6857,0.84,1000,290,3000,250,1500,250,150,1900,D
B743,178,3300,H,Upper Heavy,374850,230,2000,300,1500,300,1500,0.75,1000,510,0.84,450,6695,0.85,1000,290,2500,250,1500,250,160,2200,D
B744,185,3300,H,Upper Heavy,396890,215,1500,300,1500,300,1500,0.75,1500,510,0.85,450,7260,0.85,1000,300,3000,250,1500,250,152,2130,D
B748,175,3190,H,Upper Heavy,442250,230,2500,260,2000,260,1500,0.85,1000,510,0.86,430,4390,0.85,1500,250,3000,220,1500,210,145,2680,D
B74D,185,3320,H,Upper Heavy,378182,215,1500,300,1500,300,1500,0.82,1500,510,0.85,450,7200,0.75,1000,300,3000,250,1500,240,160,2130,D
B74R,170,3190,H,Upper Heavy,340190,200,1000,290,1000,290,1000,0.75,1000,500,0.85,450,5000,0.72,800,290,3000,250,1500,,150,1900,D
B74S,160,2300,H,Upper Heavy,317520,190,3000,290,3000,290,1900,0.8,1900,490,0.85,450,6000,0.72,800,290,3000,250,1500,240,140,2200,C
B752,145,1900,M,Lower Heavy,115680,175,3500,300,2500,300,2000,0.78,1500,470,0.8,420,3900,0.8,1000,270,3500,220,1500,210,130,1400,C
B753,145,2600,M,Lower Heavy,123600,175,3000,270,3000,270,2500,0.8,1000,490,0.8,410,3395,0.8,1000,270,3500,230,1500,220,143,1800,D
B762,160,2700,H,Lower Heavy,179170,190,2000,290,2500,290,1400,0.78,1500,470,0.8,450,6600,0.78,2000,290,1600,250,1500,220,135,1500,C
B763,160,2900,H,Lower Heavy,186880,190,3000,290,2500,290,2000,0.72,1000,460,0.8,450,6105,0.72,1000,290,3000,230,1500,220,140,1800,C
B764,160,2900,H,Lower Heavy,204120,190,2500,290,2200,290,1800,0.72,1000,460,0.8,450,5645,0.72,1000,290,3000,230,1500,220,150,1800,D
B772,170,2900,H,Upper Heavy,247210,200,3000,300,2500,300,2000,0.83,1500,480,0.84,430,5210,0.75,800,300,3000,250,1500,240,140,1700,C
B773,168,3000,H,Upper Heavy,299370,200,3000,300,2500,300,2000,0.82,1500,490,0.84,430,5955,0.84,1000,300,3000,240,1500,250,149,1800,D
B77L,123,2970,H,Upper Heavy,347500,175,2500,280,2000,280,1500,0.83,2000,490,0.84,431,9380,0.84,1000,240,3000,210,2000,240,140,1700,C
B77W,168,3000,H,Upper Heavy,351500,200,3000,300,2500,300,2000,0.83,1500,490,0.84,430,7930,0.84,1000,300,3000,240,1500,250,149,1800,D
B788,165,2820,H,Upper Heavy,228000,190,2700,290,2000,290,1500,0.79,1500,470,0.85,430,8000,0.84,2600,300,2800,240,1500,220,140,1520,C
B789,165,2800,H,Upper Heavy,254011,190,2700,290,2000,290,1500,0.84,1000,490,0.85,430,7565,0.85,2500,300,2500,240,1500,210,150,1520,C
B78X,180,2800,H,Upper Heavy,254011,190,2700,290,2000,290,1500,0.84,1000,488,0.86,410,6430,0.85,2500,300,2500,240,1500,210,150,1520,C
BA11,140,2277,M,Lower Medium,45201,150,1200,250,1500,250,1300,0.71,500,425,0.71,350,1500,0.71,1500,350,2000,250,1000,220,137,1450,C
BCS1,140,1509,M,Lower Medium,63100,165,3500,280,2500,280,2000,0.76,1800,445,0.78,410,3400,0.77,1500,250,2200,210,1700,190,135,1350,C
BCS3,165,1890,M,Lower Medium,69900,175,3100,280,2600,280,1800,0.76,1500,445,0.78,410,3350,0.77,1500,250,2200,210,1700,190,140,1448,C
BDOG,,450,L,Light,1066,85,1000,85,600,85,600,,,110,,170,540,,,110,800,90,600,65,75,500,A
BE10,105,450,L,Light,5350,135,1500,180,1000,180,1000,,,220,,260,1200,,,220,1500,220,1500,180,100,650,B
BE20,115,570,L,Light,5670,145,2000,230,1000,230,1000,,,260,0.48,350,1600,,,250,1500,180,1500,110,100,540,B
BE23,60,350,L,Light,1090,90,400,90,500,90,500,,,120,,130,600,,,120,500,110,500,,70,250,A
BE33,75,350,L,Light,1390,105,800,110,500,110,500,,,160,,170,700,,,160,500,160,500,70,70,300,A
BE36,75,350,L,Light,1650,95,500,95,500,95,500,,,160,,180,850,,,160,500,120,500,75,70,450,A
BE40,130,1200,M,Light,7300,160,3000,290,2500,290,2000,0.74,1000,420,0.8,450,1500,0.72,1000,290,2000,200,1500,140,120,1100,B
BE50,95,300,L,Light,2860,125,1000,125,500,125,500,,,160,,200,600,,,160,800,160,500,,80,300,A
BE55,95,450,L,Light,2300,125,1500,140,800,140,800,,,180,,200,900,,,180,800,160,500,,95,450,B
BE58,100,700,L,Light,2500,130,1500,130,500,130,800,,,175,,200,1000,,,160,800,140,500,95,95,600,B
BE60,95,600,L,Light,3070,125,1500,180,800,180,800,,,220,,300,1000,,,220,800,220,500,160,95,400,B
BE70,,510,L,Light,3700,120,1300,120,700,120,700,,,180,,300,755,,,160,900,120,500,,110,494,B
BE76,85,650,L,Light,1770,110,1000,110,800,110,800,,,140,,200,750,,,140,800,110,500,,85,600,A
BE80,80,550,L,Light,3990,110,1000,130,800,130,800,,,170,,260,700,,,170,800,170,500,,90,650,A
BE95,,640,L,Light,1905,120,1400,120,800,120,800,,,170,,180,1010,,,170,1000,140,800,90,85,560,A
BE99,115,1000,L,Light,7600,145,1000,200,1000,200,1000,,,240,,260,1600,,,240,800,150,800,,110,900,B
BE9L,100,700,L,Light,4581,130,1500,200,1000,200,1000,,,220,0.39,290,1150,,,240,1000,130,1000,90,105,380,B
BER4,,2000,M,Upper Medium,86000,200,5900,200,2000,200,1300,0.7,1300,380,0.71,318,2212,0.71,1500,240,1500,220,1000,200,165,900,D
BN2T,60,450,L,Light,3175,90,800,120,500,120,500,,,145,,230,830,,,140,700,110,800,75,65,350,A
C06T,75,300,L,Light,1632,105,800,110,700,110,700,,,150,,200,630,,,140,500,110,500,75,70,330,A
C130,120,1100,M,Upper Medium,70310,140,1500,180,1000,180,1000,,,290,0.57,300,2700,,,250,1500,150,1500,120,130,800,C
C135,125,2700,H,Lower Heavy,146290,155,1500,300,1500,300,1500,0.76,1000,450,0.77,410,3000,0.75,800,300,3000,250,1500,180,150,800,D
C141,125,1700,H,Lower Heavy,155580,155,2000,300,1500,300,1500,0.72,1000,430,0.76,410,2500,0.76,800,300,3000,210,1500,,140,1200,C
C150,55,250,L,Light,680,85,400,,,,,,,100,,140,250,,,90,500,80,500,,55,200,A
C152,60,220,L,Light,760,85,500,,,,,,,100,,147,315,,,100,500,80,500,,55,170,A
C160,115,990,M,Upper Medium,51000,145,1200,220,1000,220,800,,,260,,270,2500,260.0,1000,250,,190,1000,150,125,750,C
C17,125,2360,H,Lower Heavy,265350,145,2000,300,1500,300,1500,0.74,1000,460,0.76,450,5000,0.76,1000,300,3000,230,1500,,115,915,B
C172,60,300,L,Light,1050,90,400,,,,,,,115,,130,430,,,120,500,110,500,,65,160,A
C177,65,325,L,Light,1070,95,500,,,,,,,115,,120,590,,,115,500,110,500,,65,275,A
C182,65,200,L,Light,1270,80,500,85,250,85,250,,,140,,180,550,,,140,500,110,500,,65,411,A
C2,105,795,M,Lower Medium,24687,135,1500,200,1000,200,1000,,,240,,280,1200,,,240,1500,150,1500,,105,450,B
C206,75,250,L,Light,1650,105,800,110,500,110,0,,,140,,170,560,,,140,500,120,500,,70,450,A
C207,75,350,L,Light,1720,105,500,120,-500,120,,,,150,,200,500,,,150,500,150,500,,75,250,A
C208,85,500,L,Light,3629,115,800,130,500,130,500,,,160,,260,1000,,,160,500,120,500,75,75,450,A
C210,70,400,L,Light,1820,100,500,140,-500,140,,,,170,,270,800,,,170,500,170,500,,75,450,A
C212,100,900,M,Light,7700,130,1000,140,500,140,500,,,170,,200,1400,,,170,800,170,800,,90,500,A
C25A,120,1024,L,Light,5670,145,3500,230,2500,230,2200,0.62,1800,418,0.64,410,1781,0.64,1000,250,2000,220,130,1500,110,908,B
C25B,110,969,L,Light,6291,150,3500,222,3500,222,2500,0.56,1000,415,0.73,450,2040,0.56,2000,270,2000,200,1500,150,108,844,B
C25C,116,1039,M,Light,7761,200,3500,240,3500,240,2500,0.64,1500,450,0.74,450,1920,0.74,2000,290,2000,200,1500,140,110,896,B
C25M,111,991,L,Light,4853,200,3700,220,3000,220,2500,0.55,1500,400,0.69,410,1300,0.68,2000,260,2000,200,1500,135,105,789,B
C303,85,533,L,Light,2340,115,1000,130,800,130,500,,,180,,250,800,,,160,800,125,500,,90,445,A
C30J,120,950,M,Upper Medium,70300,150,2000,300,1500,300,1000,,,330,0.58,330,2835,,,250,1500,220,1500,,130,430,C
C310,95,507,L,Light,2494,125,1000,125,800,125,600,,,175,,200,500,,,150,800,130,500,,94,546,B
C337,85,510,L,Light,2100,110,800,125,500,125,500,,,165,,195,920,,,130,800,120,500,,90,500,A
C340,95,650,L,Light,2710,125,1000,140,700,140,500,,,210,,265,1200,210.0,1000,170,800,150,500,,93,500,B
C402,95,677,L,Light,2860,125,1200,140,800,140,500,,,230,,270,500,,,220,800,150,500,,110,538,B
C404,100,700,L,Light,3830,130,1200,130,800,130,500,,,220,,260,550,,,170,800,150,500,,100,600,A
C414,100,520,L,Light,3060,130,1200,150,1000,150,800,,,230,,310,1100,,,200,1000,180,1000,,110,720,B
C421,100,600,L,Light,3100,130,1500,150,1000,150,1000,,,200,,310,1000,,,190,1000,190,1000,,95,750,B
C425,105,750,L,Light,3900,135,2000,200,1500,200,1500,,,240,,310,1250,,,240,1500,240,1500,,110,650,B
C441,105,550,L,Light,4470,135,2000,200,1000,200,1000,,,280,,310,1200,,,240,1500,240,1500,,100,350,B
C5,125,2500,H,Upper Heavy,348820,155,1500,300,1300,300,1000,0.74,1000,430,0.77,330,6300,0.77,1000,300,3000,250,1000,,135,1500,C
C525,115,939,L,Light,4717,145,3000,230,2500,230,1800,0.62,1500,370,0.63,410,1485,0.66,1000,250,2000,220,1500,130,110,838,B
C526,90,,L,Light,3357,110,2000,150,1500,150,1500,1.0,1000,260,0.0,350,800,1.0,1500,240,1500,125,1500,120,115,,B
C550,115,1000,L,Light,6850,145,2000,240,2000,240,1500,0.6,1000,360,0.63,430,1900,0.67,1000,250,3000,220,1500,150,110,915,B
C560,105,963,M,Light,7210,135,2500,240,2800,240,3000,0.72,1500,430,0.73,450,2000,0.7,1000,270,4000,230,1500,180,110,890,B
C56X,115,1055,M,Light,8709,145,2500,270,3000,270,2200,0.65,1000,430,0.73,450,2000,0.7,1000,270,3000,210,1000,180,117,890,B
C650,125,1600,M,Light,14060,155,4000,300,3000,300,3000,0.75,1500,470,0.8,510,2200,0.75,1000,300,4000,250,1500,180,130,900,C
C680,145,1200,M,Light,13743,240,2500,400,3500,400,3500,0.76,3500,460,0.79,470,2800,0.76,3500,400,3500,230,3500,170,125,1200,C
C750,125,1740,M,Lower Medium,16193,155,3500,320,3000,320,2500,0.79,1500,550,0.9,510,3250,0.88,1000,320,2500,250,1500,,130,1164,C
C82R,65,250,L,Light,1340,85,800,120,500,120,500,,,140,,180,800,,,140,500,110,500,,65,170,A
CL2T,100,844,M,Lower Medium,19890,130,1500,150,500,150,500,,,180,,180,1000,,,180,800,140,800,,105,674,B
CL30,140,1466,M,Lower Medium,17622,160,4500,260,2500,260,2200,0.79,2500,470,0.81,450,3065,0.8,1500,250,2500,200,1500,180,125,792,C
CL35,140,1474,M,Lower Medium,18416,160,4500,260,3500,260,2500,0.79,2500,455,0.8,450,3200,0.8,1500,250,2500,200,1500,180,125,826,C
CL60,145,,M,Lower Medium,19550,160,4500,260,3000,260,2500,0.73,2000,460,0.75,410,3350,0.75,1000,250,3000,210,2000,160,130,,C
CN35,100,900,M,Lower Medium,15100,130,1500,170,1200,170,1000,,,210,,265,2500,,,210,1500,170,1500,,110,600,B
CONC,220,3400,H,No code,185100,250,4000,400,2000,400,1500,0.75,1200,1500,2.0,600,3900,0.85,1000,350,3500,230,1500,250,165,2600,E
CP23,,350,L,Light,760,95,1400,100,500,100,0,,,140,,160,539,,,130,500,130,500,68,60,400,A
CRJ1,135,1600,M,Lower Medium,21500,165,2500,250,2500,250,2500,0.68,1500,420,0.75,410,1800,0.68,800,250,3500,250,1500,190,135,1400,C
CRJ2,135,1527,M,Lower Medium,21523,165,3000,250,2500,250,1500,0.68,1000,420,0.74,410,1000,0.7,1000,250,3000,250,1500,190,140,1423,C
CRJ7,135,1600,M,Lower Medium,33000,165,3000,290,2500,290,2500,0.72,1500,442,0.77,410,1687,0.72,1000,290,3500,250,1500,180,135,1478,C
CRJ9,140,1770,M,Lower Medium,38330,165,2500,290,2000,290,1800,0.72,1300,450,0.78,410,1550,0.72,1500,290,3500,250,1500,185,135,1630,C
CRJX,155,1996,M,Lower Medium,40824,175,3000,280,2500,280,2000,0.77,1700,440,0.78,410,1345,0.78,1700,280,2100,250,1200,190,130,1478,C
D228,95,700,L,Light,6400,110,1500,140,1000,140,700,,,210,,280,1000,,1000,180,800,160,500,105,85,450,A
D28D,65,,L,Light,5984,85,1400,80,800,80,800,,,130,,200,780,,,120,1000,110,1000,75,65,,A
D328,110,1000,M,Light,13990,140,2000,220,1500,220,1000,,,310,0.54,310,1000,,1000,280,1500,250,1500,160,110,1200,B
DA40,73,305,L,Light,1200,130,700,130,500,130,0,0.0,0,130,0.0,160,830,150.0,800,150,800,120,550,65,80,700,A
DA42,85,733,L,Light,1650,140,1700,160,950,160,0,0.0,0,180,0.0,180,1061,195.0,1000,170,1500,120,1200,80,75,618,A
DA50,75,530,L,Light,1200,110,2000,110,800,110,800,,,180,,200,1000,,1000,180,1000,140,1000,80,85,490,A
DC10,150,3000,H,Lower Heavy,259459,180,2000,290,1500,290,1000,0.8,1000,510,0.82,410,6220,0.81,1000,300,1500,250,1500,230,149,1800,D
DC85,130,3000,H,Lower Heavy,147400,160,1300,290,1200,290,1000,0.78,800,465,0.8,360,4900,0.78,1000,290,2500,250,1500,210,137,2000,C
DC86,130,3000,H,Lower Heavy,158700,160,2000,290,1500,290,1000,0.8,800,510,0.82,410,5500,0.82,1000,290,3000,250,1500,210,140,2000,C
DC87,160,3050,H,Lower Heavy,162025,190,2200,290,1500,290,1200,0.78,1000,460,0.8,410,4830,0.8,1000,290,2500,240,1500,210,145,2000,D
DC91,115,1615,M,Lower Medium,41100,150,2800,240,2500,240,2000,0.72,1500,380,0.74,350,1265,0.74,1000,250,2300,210,1500,180,132,1320,C
DC92,140,1600,M,Lower Medium,4450,170,2500,290,2000,290,1500,0.74,1300,440,0.76,370,1605,0.76,1000,290,3500,220,1500,210,127,1500,C
DC93,140,2100,M,Lower Medium,49940,170,2000,290,1500,290,1000,0.74,1000,440,0.76,370,1500,0.76,1000,290,3500,220,1500,210,127,1500,C
DC94,120,,M,Lower Medium,54885,160,3000,240,2600,240,2200,0.72,1500,380,0.74,350,1265,0.74,1000,250,2300,210,1500,180,131,,C
DC95,140,2100,M,Lower Medium,54934,170,2000,290,1500,290,1000,0.72,1000,440,0.76,370,1500,0.76,1000,290,2500,250,1500,210,130,1500,C
DH8A,100,900,M,Lower Medium,15650,130,1800,200,1500,200,1000,,,250,,250,1000,,,250,1500,250,1500,150,100,900,B
DH8C,110,1100,M,Lower Medium,18642,140,1800,210,1200,210,1000,,,250,,250,1000,,,250,1500,210,1500,160,110,1000,B
DH8D,115,1300,M,Lower Medium,28998,150,3500,210,1500,210,1200,,,360,,250,1300,,,270,1500,245,1500,180,121,1100,C
DHC6,80,500,L,Light,5670,110,1000,130,500,130,500,,,160,,260,900,,,160,1000,130,800,,70,300,A
DHC7,90,900,M,Lower Medium,21320,120,1000,180,500,180,500,,,220,,210,1600,,,220,800,160,800,150,90,1000,A
DR40,,350,L,Light,1100,100,800,110,500,110,0,,,140,,150,450,,,140,500,140,500,,65,250,A
E110,90,1200,L,Light,5900,120,1000,220,1000,220,1000,,,220,,220,1000,,,220,800,220,800,,100,1300,B
E120,120,1400,M,Light,12000,150,1500,220,1000,220,800,,,290,0.45,290,1600,,,290,1500,250,1500,170,126,1400,B
E121,125,900,L,Light,5670,155,1500,190,1200,190,1000,,,235,,260,900,,1500,220,1500,160,1500,95,120,600,B
E135,125,1400,M,Lower Medium,19990,160,3500,300,1500,300,1000,0.56,1500,320,0.76,370,1200,0.76,1500,250,1500,210,1500,180,130,1000,C
E145,130,2000,M,Lower Medium,21198,165,2500,300,1500,300,1000,0.56,1000,440,0.76,370,1200,0.76,1000,250,2500,210,1500,180,135,1350,C
E170,138,1644,M,Lower Medium,35995,190,3400,300,2800,300,2200,0.75,1600,460,0.78,410,2100,0.76,2300,300,2600,250,2000,210,130,1274,C
E190,138,2056,M,Lower Medium,45995,190,3400,300,2800,300,2200,0.75,1800,460,0.78,410,2400,0.75,2100,250,2200,230,1600,210,131,1323,C
E195,140,1432,M,Lower Medium,52290,190,3000,300,2500,300,2000,0.75,1500,447,0.78,410,2300,0.76,2000,250,2500,230,1600,210,135,1275,C
E2,105,600,M,Lower Medium,23850,135,3000,200,1500,200,1000,,,290,,370,1500,,,240,1500,200,1500,120,105,450,B
E3CF,134,2700,H,Lower Heavy,151955,155,2200,300,2000,300,1500,0.73,1000,420,0.73,430,5000,0.74,1000,300,2500,250,1000,210,150,1000,D
E3TF,125,2900,H,Lower Heavy,156000,155,2000,300,1500,300,1200,0.72,700,420,0.74,290,4000,0.71,1000,300,3000,230,1500,180,150,2100,D
E50P,110,1036,L,Light,4750,200,3500,260,2500,260,2000,0.68,2000,370,0.7,410,1200,0.69,1500,250,2500,140,1500,100,120,820,B
E55P,110,956,M,Light,7951,200,4000,260,2500,260,2000,0.75,2000,450,0.77,450,1970,0.76,1500,250,2500,170,1500,140,115,,C
EC35,,0,L,Light,2950,110,1500,110,1500,110,1500,,,135,,200,340,,1500,120,1500,90,,0,5,0,A
EH10,,,M,Light,15600,60,1300,120,600,120,600,,,150,,150,570,,,140,1500,60,1000,,50,,A
ETAR,130,400,M,Light,10200,160,19700,300,10000,300,5000,0.8,3000,590,0.98,500,1800,0.8,10000,350,10000,250,1500,,120,500,B
EUFI,145,700,M,Lower Medium,23500,175,45000,300,30000,300,20000,0.85,6000,480,0.86,650,1000,0.9,10000,350,10000,250,1500,,150,500,D
F1,,,M,Light,13674,240,35000,300,20000,300,16000,0.95,8000,920,1.4,500,1550,0.95,4500,350,10000,280,4000,130,152,,D
F100,135,1700,M,Lower Medium,43390,165,2500,250,2000,250,1500,0.6,1000,405,0.73,350,3100,0.68,800,250,3500,250,1500,200,130,1400,C
F104,,,M,Light,14060,270,48000,350,40000,350,35000,1.0,25000,1100,2.0,500,365,1.8,35000,360,15000,195,3000,220,180,,E
F117,165,1000,M,Lower Medium,23800,195,10000,300,10000,300,10000,0.76,10000,455,0.85,400,1000,0.8,5000,350,5000,250,1500,,180,1100,E
F14,140,500,M,Lower Medium,33795,170,40000,300,20000,300,10000,0.72,5000,500,0.85,500,1800,0.85,10000,350,10000,250,1500,,125,900,C
F15,145,300,M,Lower Medium,36740,175,50000,300,30000,300,20000,0.8,10000,500,0.86,500,2400,0.85,20000,350,10000,250,1500,140,125,500,C
F16,145,1000,M,Light,14970,175,55000,300,40000,300,30000,0.8,10000,480,0.86,500,2000,0.85,10000,350,10000,250,1500,,150,800,D
F18,145,450,M,Lower Medium,25400,175,30000,300,30000,300,30000,0.8,30000,495,0.86,500,1700,,10000,350,10000,250,1500,,125,400,C
F2,,1200,M,Lower Medium,22100,180,40000,300,30000,300,25000,0.85,8000,475,0.84,590,520,0.84,12000,340,10000,230,1600,200,155,850,D
F26T,80,500,L,Light,1300,110,1500,140,1500,140,,,,180,,240,500,,,180,1500,180,1500,,75,450,A
F27,100,700,M,Lower Medium,20410,130,1000,200,1000,200,800,,,240,,250,1500,,,240,1500,240,1500,150,120,600,B
F28,135,1700,M,Lower Medium,33110,165,2000,250,1500,250,1500,0.6,500,390,0.7,350,1600,0.68,800,250,3500,250,1500,200,125,1000,C
F2TH,120,1600,M,Lower Medium,16240,150,3000,260,2000,260,2000,0.76,1500,470,0.82,470,3000,0.72,1000,290,4000,250,1500,180,110,1600,B
F35,,,M,Lower Medium,31751,190,40000,320,30000,320,20000,0.85,10000,520,0.86,500,1500,0.86,10000,300,10000,250,1500,,150,,D
F4,150,1500,M,Lower Medium,28000,180,4000,300,7000,300,5000,0.8,3000,480,0.86,590,1200,0.85,10000,350,10000,250,1500,,175,915,E
F406,100,700,L,Light,4200,130,2000,200,1500,200,1000,,,240,,300,1000,,,240,1200,180,500,,95,650,B
F5,155,1800,M,Light,11187,185,34000,300,25000,300,20000,0.76,10000,480,0.86,510,1300,0.78,10000,350,10000,250,1500,,170,800,E
F50,120,1100,M,Lower Medium,20820,130,1500,210,1000,210,1000,,,240,,250,1900,,,220,1500,220,1500,170,120,1100,B
F70,125,1300,M,Lower Medium,36740,155,3000,250,2000,250,1500,0.6,1000,430,0.73,350,1100,0.68,800,250,3500,230,1500,200,129,1200,B
F900,125,1500,M,Lower Medium,21200,155,3000,290,2500,290,2500,0.72,1500,510,0.85,510,4500,0.72,1000,290,4000,250,1500,180,110,700,B
FA10,165,930,M,Light,8500,240,2300,280,1800,280,1500,0.82,1100,490,0.83,420,1900,0.82,1600,250,1500,200,1100,180,110,630,B
FA20,120,1600,M,Light,13160,150,3000,270,2000,270,1500,0.7,1500,420,0.76,420,2300,0.7,1000,250,3000,220,1500,160,110,1100,B
FA50,120,1400,M,Lower Medium,18500,150,3000,290,2000,290,2000,0.72,1500,480,0.82,490,3500,0.8,1000,290,3000,250,1500,180,130,1100,C
FA7X,115,123,M,Lower Medium,31298,160,3500,280,2800,280,2500,0.85,2500,580,0.9,510,5950,0.9,1000,240,2200,200,1500,160,104,631,B
G115,65,250,L,Light,990,95,1000,100,,100,,,,130,,170,600,,,130,500,130,500,,60,200,A
G150,115,1524,M,Light,11839,220,3300,300,2800,300,2500,0.79,2000,460,0.8,450,3000,0.8,2600,240,2400,200,1500,180,130,878,C
G222,115,700,M,Lower Medium,31800,145,1600,200,1000,200,1000,,,240,0.41,250,2500,,,270,1500,220,1500,,120,900,B
G280,135,1448,M,No code,17962,230,5500,280,3500,280,2500,0.83,3000,472,0.83,450,3600,0.83,2800,250,2100,230,1800,190,134,950,C
G3,,230,L,Light,472,45,950,,,,,,,105,,130,550,,,100,750,65,500,40,55,200,A
GALX,125,1800,M,Lower Medium,15808,155,3500,290,3000,290,3000,0.72,2000,470,0.81,450,3300,0.72,1000,290,4000,250,1500,,130,1050,C
GL5T,150,1689,M,Lower Medium,41957,300,3000,300,3000,300,2500,0.84,2000,485,0.85,510,5200,0.85,1500,250,2300,210,1600,190,122,814,C
GLEX,120,1870,M,Lower Medium,44500,150,4000,300,3000,300,3000,0.75,1500,490,0.85,510,6300,0.83,1500,300,2000,250,1500,,125,814,C
GLF3,145,1800,M,Lower Medium,31620,175,4000,300,3000,300,2000,0.75,1500,450,0.81,450,4300,0.75,1000,300,2500,250,1500,180,135,1000,C
GLF4,145,1600,M,Lower Medium,33200,175,4000,300,3000,300,2500,0.75,2000,450,0.8,450,4600,0.75,1000,300,2500,250,1500,180,140,1000,C
GLF5,145,1570,M,Lower Medium,41136,175,4000,300,3000,300,2500,0.75,2000,480,0.85,510,5800,0.75,1000,290,2500,250,1500,180,140,884,C
H25A,124,1247,M,Light,10568,140,3700,290,2500,290,2200,0.69,1500,400,0.7,410,1680,0.7,1000,250,2200,210,1500,200,125,310,C
H25B,125,1700,M,Light,12700,155,2000,290,1500,290,1500,0.7,1000,400,0.75,410,2190,0.7,1000,290,2500,230,1500,190,125,900,C
H25C,125,1900,M,Light,14060,155,3500,290,2500,290,2000,0.72,1500,450,0.76,430,3100,0.72,1000,290,4000,250,1500,220,132,889,C
H47,,,M,Lower Medium,22668,90,1500,110,1000,110,1000,,,130,,200,329,,,140,1300,110,1000,,60,,A
H60,,,M,Light,10660,75,1300,100,800,100,800,,,150,,190,1200,,,150,1000,70,1000,,50,,A
H64,,,M,Light,10433,90,2900,90,1200,90,1200,,,145,,210,257,,,145,2500,100,2000,,40,,A
H66,,,M,No code,7896,120,900,,,,,,,165,,150,262,,,160,1000,120,1000,,40,,A
HAR,137,0,M,Light,11793,170,14500,270,10000,270,10000,0.74,5000,480,0.8,500,500,0.78,10000,350,10000,250,1500,,140,0,C
HAWK,115,700,M,Light,5100,145,9300,300,7000,300,5000,0.72,3000,420,0.75,500,1300,0.76,8000,350,7000,250,1500,,125,600,C
HDJT,120,1128,L,Light,4519,160,3500,210,3000,210,2500,0.57,1500,410,0.72,430,1547,0.72,2000,270,2000,160,1500,140,112,829,B
IL18,120,1300,M,Upper Medium,64000,150,1000,250,800,250,600,0.6,500,350,0.61,380,3500,0.61,1000,320,1000,250,1000,150,130,900,C
IL62,150,3300,H,Lower Heavy,165000,180,1000,290,1000,290,800,0.72,500,460,0.82,390,5200,0.72,800,290,1500,250,1500,180,145,2300,D
IL76,120,900,H,Lower Heavy,170000,150,1000,250,800,250,700,0.7,500,430,0.74,390,2500,0.7,800,250,1500,250,1500,180,120,700,B
IL86,155,2800,H,Lower Heavy,215000,185,2000,290,1500,290,1300,0.72,1000,490,0.82,370,2000,0.72,1000,290,2500,250,1500,180,150,1200,D
IL96,150,2800,H,Upper Heavy,250000,180,2000,290,1500,290,1200,0.72,1000,470,0.83,390,6900,0.72,1000,290,2500,250,1500,,150,2000,D
J328,135,1300,M,Lower Medium,15660,165,2500,240,1500,240,1300,0.6,1000,350,0.66,350,2000,0.66,1000,240,2500,250,1500,170,115,1200,B
JAGR,125,940,M,Lower Medium,15700,155,20000,300,15000,300,13000,0.8,10000,480,0.96,450,1400,0.8,10000,350,10000,250,1500,,148,785,D
JS1,110,759,L,Light,5670,160,2100,160,1700,160,1300,,,210,0.55,300,1600,0.55,1000,160,1500,140,1000,120,100,710,B
JS20,115,650,M,Light,5700,130,2500,160,1500,160,1000,,,230,0.0,250,1200,1.0,1000,220,1500,180,1500,140,105,610,B
JS3,115,759,M,Light,5700,170,1500,195,1200,195,500,,,240,0.0,290,1920,1.0,1000,220,1500,180,1000,140,112,305,B
JS31,110,1800,M,Light,6950,130,2000,190,1500,190,1000,,,250,,250,550,,,240,1500,200,1000,165,115,1300,B
JS32,110,1570,M,Light,7360,140,2000,190,1500,190,1200,,,235,,250,850,,,240,2000,200,1000,150,115,1220,B
JS41,110,1520,M,Light,10886,140,2200,230,1500,230,1100,,,290,,260,1000,,,280,1500,250,1500,170,120,1280,B
K35E,140,2700,H,Lower Heavy,134720,155,1300,300,1000,300,800,0.74,800,440,0.77,360,1400,0.79,800,300,2500,250,1500,180,135,800,C
K35R,125,2700,H,Lower Heavy,146285,155,2500,330,2000,330,1500,0.78,1000,440,0.85,500,7500,0.8,1000,300,2000,250,1500,180,135,800,C
KA50,,,M,Light,10800,80,2000,120,1000,120,1000,,,146,,180,335,,,140,2000,110,1500,,60,,A
KA52,,,M,Light,10800,100,1900,120,900,120,900,,,150,,180,,150.0,1200,150,1200,100,1000,,40,,A
L101,150,2400,H,Lower Heavy,195040,180,2000,310,1500,310,1200,0.75,1000,485,0.86,360,4600,0.72,800,290,2500,250,1500,220,140,1800,C
L159,120,450,M,Light,8000,150,10000,300,8500,300,5000,0.69,4000,490,0.82,430,850,0.73,5000,350,5000,250,1500,,130,750,C
L188,120,1300,M,Lower Medium,51250,150,1500,250,1000,250,1000,,,350,0.54,280,2200,,,330,1500,250,1500,170,130,900,C
L29B,145,1600,M,Lower Medium,20227,175,3500,290,2000,290,1700,0.72,1500,440,0.76,430,2400,0.72,1000,290,3000,250,1500,220,140,700,C
L39,120,550,L,Light,5700,150,4300,300,3500,300,2500,0.64,2300,380,0.66,370,900,0.66,5000,300,5000,250,1500,,135,550,C
L410,85,900,L,Light,6400,115,1000,160,500,160,500,,,200,,210,600,,,200,800,200,800,,85,800,A
L610,100,900,M,Light,14500,130,1000,180,500,180,500,,,220,,230,1300,,,220,800,220,800,,100,900,B
LJ25,130,1200,L,Light,6800,160,4000,290,3000,290,3000,0.72,2000,450,0.75,510,1500,0.72,1000,290,4000,250,1500,170,125,900,C
LJ31,130,1100,M,Light,7030,160,4000,290,3000,290,3000,0.72,2000,450,0.77,510,1500,0.72,1000,290,4000,250,1500,180,120,900,B
LJ35,140,1500,M,Light,8300,170,4000,290,3000,290,3000,0.72,2000,440,0.77,410,2100,0.72,1000,290,4000,250,1500,180,125,930,C
LJ40,110,1306,M,Light,9545,160,2900,280,2400,280,1800,0.78,2000,450,0.79,510,1692,0.79,1500,280,2300,250,1800,180,115,1354,B
LJ45,140,1325,M,Light,9230,170,4000,290,3000,290,3000,0.72,2000,450,0.77,450,2100,0.76,1000,290,4000,250,1500,170,140,810,C
LJ55,140,1400,M,Light,9530,170,4000,290,3000,290,2500,0.72,1500,400,0.76,510,2500,0.72,1000,290,4000,250,1500,180,140,1000,C
LJ60,140,1660,M,Light,10659,170,4000,290,3000,290,3000,0.72,2000,455,0.78,510,2400,0.72,1000,290,3500,250,1500,180,140,1040,C
M18,85,290,L,Light,4700,100,1000,100,500,100,1,,,100,,210,450,,,100,500,100,500,90,80,350,A
M20P,70,450,L,Light,1170,100,1240,150,1000,150,500,,,237,,250,1445,,,150,500,150,500,66,60,250,A
M20T,75,650,L,Light,1526,105,1100,140,500,140,500,,,200,,250,1000,,,170,500,170,500,80,70,350,A
M339,100,540,L,Light,6350,130,6600,300,4000,300,3000,0.69,2000,350,0.76,450,1050,0.73,5000,300,5000,250,1500,120,105,470,B
M600,95,803,L,Light,2722,122,2000,130,1500,130,1200,0.4,500,270,0.44,300,1658,0.4,1500,220,1500,200,1500,95,85,810,A
MD11,160,3100,H,Lower Heavy,285990,190,2000,300,2200,300,1800,0.8,1000,500,0.83,410,7100,0.83,1000,300,3000,250,1500,240,159,2100,D
MD81,130,,M,Upper Medium,63503,160,3000,260,2600,260,2200,0.74,1500,480,0.76,370,1570,0.76,1000,250,2300,210,1500,200,125,,C
MD82,140,2052,M,Upper Medium,67812,170,2500,290,2800,290,2000,0.75,1000,440,0.76,370,2052,0.75,1500,290,1500,250,1000,210,136,1585,C
MD83,140,2052,M,Upper Medium,73028,170,2500,250,2800,250,2000,0.75,1000,440,0.76,370,2504,0.74,1500,290,1500,250,1000,210,137,1585,C
MD87,140,1850,M,Upper Medium,67800,170,3000,290,2700,290,2500,0.74,1000,440,0.76,370,2500,0.76,1000,290,3000,250,1500,210,140,1430,C
MD88,140,2050,M,Upper Medium,67815,170,2700,290,2800,290,2200,0.74,1500,450,0.76,370,2055,0.76,1000,250,2300,240,1500,210,130,1585,C
MD90,140,2200,M,Upper Medium,74500,170,3200,290,2500,290,2500,0.74,1000,440,0.76,370,2200,0.76,1000,290,3500,250,1500,210,138,1600,C
MG21,175,800,M,Light,9100,205,7000,300,5000,300,4000,0.8,3000,500,0.85,600,900,0.85,10000,350,7000,250,1500,,175,800,E
MG23,150,500,M,Lower Medium,17800,180,45000,300,35000,300,25000,0.8,20000,500,0.9,600,1000,0.9,15000,350,10000,250,5000,180,157,750,D
MG25,240,,M,Lower Medium,36720,210,41000,250,25000,250,21000,0.95,17000,230,0.85,680,1390,0.95,30000,320,10000,250,2500,260,185,,C
MG29,140,600,M,Lower Medium,21000,170,65000,300,50000,300,50000,0.8,30000,420,0.86,600,700,0.85,10000,350,10000,250,1500,,140,600,C
MG31,150,1200,M,Lower Medium,46200,180,10000,300,5000,300,4000,0.8,5000,500,0.85,670,900,0.85,10000,350,10000,250,1500,,170,800,E
MI2,,,L,Light,3700,30,900,,,,,,,100,,130,230,,,100,700,60,700,,30,,A
MI8,,,M,Light,12000,60,700,,,,,,,120,,145,240,110.0,800,110,800,80,600,,40,,A
MIR2,140,450,M,Lower Medium,17000,170,55000,300,40000,300,35000,0.85,30000,505,0.86,540,1000,0.9,20000,550,10000,250,1500,,125,900,C
MRF1,140,700,M,Light,14900,170,40000,300,30000,300,20000,0.8,15000,525,0.86,660,1000,0.85,20000,400,10000,250,1500,,145,600,C
MU2,120,650,L,Light,4050,150,1800,260,1500,260,1000,,,280,,290,1100,,,270,1500,230,1500,,110,600,B
N262,100,700,M,Light,10600,130,1500,160,1000,160,800,,,210,,260,550,,,200,1000,190,800,170,90,400,A
NH90,,,M,Light,10600,70,1600,90,1000,90,1000,,,150,,200,497,,1000,150,1000,80,1000,,15,,A
NIM,145,1500,M,Upper Medium,85180,175,1800,300,1300,300,1200,0.7,500,420,0.72,420,4500,0.7,800,300,3000,250,1500,230,150,1600,D
P180,120,900,L,Light,5240,160,3000,200,1500,200,1500,,,300,0.65,410,1400,,,250,1500,250,1500,160,120,900,B
P28A,65,300,L,Light,1100,80,700,0,,0,,,,110,,120,500,,,110,500,110,500,60,65,300,A
P28R,70,300,L,Light,1130,100,1000,0,,0,,,,140,,120,700,,,140,500,120,500,65,70,300,A
P28T,70,350,L,Light,1320,100,1100,110,700,110,700,,,160,,200,700,,,145,500,140,500,80,70,200,A
P3,120,1290,M,Lower Medium,61235,150,1500,250,1200,250,1000,0.68,1000,330,0.68,280,3800,0.68,1500,250,1500,200,1500,170,130,1673,C
P32R,75,500,L,Light,1640,105,1000,130,600,130,0,,,160,,200,800,,,160,500,160,500,90,75,550,A
P46T,80,460,L,Light,2200,110,1400,170,1000,170,800,,,220,0.41,300,1000,,,230,1500,200,1500,,75,450,A
P808,100,900,M,No code,8170,130,5000,300,2000,300,1500,0.65,1000,420,0.67,450,1150,0.67,1200,300,3000,220,1500,110,105,800,B
PA18,45,60,L,Light,680,75,1000,75,700,75,700,,,100,,190,400,,,100,500,90,500,60,45,100,A
PA23,110,380,L,Light,2177,160,2200,140,1000,140,1000,,,160,,190,780,,,160,1500,140,1500,95,85,510,A
PA27,82,300,L,Light,2360,105,1500,120,600,120,100,,,170,,170,710,,,170,800,170,500,75,70,500,A
PA31,90,400,L,Light,2950,120,1200,140,800,140,500,,,210,,240,890,,,200,800,190,500,,90,575,A
PA32,75,500,L,Light,1640,105,1100,120,600,120,600,,,150,,160,700,,,130,800,120,500,90,80,550,A
PA34,80,300,L,Light,2100,110,1300,140,800,140,100,,,160,,190,980,,,160,800,140,500,90,80,400,A
PA38,60,250,L,Light,760,75,600,90,100,90,100,,,95,,110,450,,,100,500,75,500,,60,200,A
PA44,75,300,L,Light,1720,110,1300,120,800,120,800,,,160,,180,800,,,160,800,160,500,,80,400,A
PA46,80,450,L,Light,1950,110,1600,170,1000,170,600,,,200,0.41,250,1000,,,200,800,160,500,90,75,450,A
PAY2,100,650,L,Light,4080,130,2800,230,1500,230,1000,,,215,,290,1480,,,210,1500,200,1500,110,100,750,B
PAY3,105,700,L,Light,5080,135,2400,240,1500,240,1000,,,280,,350,2270,,,250,1500,180,1500,120,105,650,B
PAY4,125,700,L,Light,5470,155,3200,260,2000,260,1500,,,360,,410,1800,,,280,1500,210,1500,,120,650,B
PC12,110,600,L,Light,4500,130,1700,130,1000,130,700,,,270,,300,2000,,,210,1500,180,1500,140,85,550,A
PC6T,60,100,L,Light,2770,90,1200,100,800,100,700,,,130,,250,850,,,120,700,110,500,65,60,100,A
PC7,90,300,L,Light,2700,120,2800,190,2000,190,1000,,,230,,250,1050,,,230,3000,140,1500,,90,400,A
PC9,90,250,L,Light,3200,140,4100,150,2500,150,1700,,,300,,380,860,,,250,3000,200,1500,90,80,350,A
PRM1,120,1156,L,Light,5670,130,2000,220,1500,220,1000,0.78,1500,440,0.78,410,1360,0.78,1700,250,2300,170,1500,110,95,968,B
PZ04,45,120,L,Light,1300,75,900,22,100,22,100,,,80,,130,275,,,80,500,50,500,40,50,100,A
R135,125,2700,H,Lower Heavy,146000,155,4800,300,2500,300,1500,0.76,1000,480,0.77,500,3000,0.75,800,300,3000,240,1500,,150,800,D
R44,,,L,Light,1134,60,1000,,,,,,,110,,140,300,,,100,1000,80,1000,,15,,A
RALL,65,300,L,Light,1050,95,800,95,100,95,100,,,120,,110,700,,,110,500,110,500,75,60,200,A
RJ1H,125,1600,M,Lower Medium,46020,155,1500,250,2000,250,1200,0.65,500,420,0.68,310,1100,0.68,800,250,3000,250,1500,200,125,1200,C
RJ70,125,1600,M,Lower Medium,23290,155,2000,220,1500,220,1200,0.6,500,400,0.68,310,1120,0.68,800,250,3000,250,1500,200,125,1200,C
RJ85,125,1030,M,Lower Medium,42190,155,2200,220,1500,220,1200,0.65,500,420,0.68,310,1100,0.68,800,250,3000,250,1500,200,125,1200,C
S601,125,1400,L,Light,6600,155,2700,250,2000,250,1500,0.68,1000,310,0.64,410,1400,0.68,1000,250,2000,250,1500,210,120,800,B
S61,,,M,Light,8620,100,1500,,,,,,,120,,125,450,,1000,100,1000,90,1000,,15,,A
S76,,,L,Light,5307,70,1800,,,,,,,150,,138,410,,,150,1500,60,1000,,15,,A
SB05,90,500,L,Light,4635,120,13000,300,7500,300,4000,0.6,1500,450,0.76,420,1200,0.71,5000,300,5000,250,1500,,115,550,B
SB20,110,1300,M,Lower Medium,21000,140,2300,250,1700,250,1300,,,360,0.6,310,1200,,,340,1500,250,1500,160,110,1300,B
SB32,,,M,Light,13500,220,49000,400,20000,400,10000,0.75,3500,260,0.9,492,1078,0.8,10000,280,10000,180,3500,170,125,,C
SB37,145,400,M,Lower Medium,20000,300,40000,250,25000,250,20000,0.8,20000,480,0.86,590,1000,0.85,10000,350,10000,250,1500,,120,300,B
SB39,145,800,M,Light,14000,300,50000,270,30000,270,25000,0.8,15000,480,0.9,500,860,0.85,10000,350,10000,250,1500,,120,800,B
SBR2,145,1300,M,Light,10430,175,4700,290,2500,290,1500,0.72,1000,450,0.78,450,2400,0.72,1000,290,2000,250,1500,180,140,800,C
SC7,90,600,L,Light,5670,120,1200,120,700,120,500,,,170,,220,600,,,150,800,130,800,90,90,700,A
SF34,110,1300,M,Light,12900,140,1800,210,1000,210,700,,,250,0.45,250,930,,,280,1500,250,1500,150,115,1100,B
SH33,100,1100,M,Light,10250,110,1000,130,700,130,500,,,180,,220,1000,,,180,800,180,800,,100,1100,B
SH36,110,1300,M,Light,12300,140,1000,170,500,170,500,,,210,,220,1000,,,180,800,180,800,,100,1100,B
SR20,,451,L,Light,1361,85,830,80,500,80,0,,,155,,175,785,,,140,1000,90,1000,75,65,260,A
SR22,,462,L,Light,1633,75,1260,110,600,110,600,,,180,,175,1049,,,140,1000,120,1000,65,70,743,A
SU17,150,900,M,Lower Medium,19500,180,45000,300,35000,300,20000,0.8,10000,550,0.9,470,1300,0.85,10000,400,10000,250,1500,170,140,900,C
SU24,180,1550,M,Lower Medium,43755,300,30000,310,18000,310,12000,0.8,10000,500,0.85,360,1200,0.85,10000,350,8000,250,1500,210,160,1100,D
SU25,130,650,M,Lower Medium,20500,160,1200,260,6000,260,500,0.64,2000,350,0.75,220,800,,7000,300,5000,250,1500,,170,750,E
SU27,130,600,M,Lower Medium,33500,280,64000,240,30000,240,25000,0.8,15000,500,0.85,600,1800,0.85,20000,350,9000,250,1500,150,140,650,C
SU95,160,1731,M,Lower Medium,45880,200,2500,280,2000,280,1500,0.76,1500,450,0.78,410,3048,0.78,1500,280,2800,250,1000,190,130,1400,C
SW2,95,620,L,Light,4445,140,2400,140,1500,140,1000,,,210,0.7,290,1500,0.7,2000,180,1500,130,1000,100,115,500,B
SW3,115,1300,L,Light,5700,145,2000,220,1400,220,1000,,,260,0.46,270,2200,,,260,1500,250,1500,160,120,1200,B
SW4,,,M,Light,7257,140,1500,180,1000,180,800,,,270,,250,575,,1000,200,1000,140,1000,120,115,,B
T134,150,2200,M,Lower Medium,47600,180,2000,270,1500,270,1200,0.7,1000,400,0.75,390,1025,0.7,800,270,3500,240,1500,180,150,2100,D
T154,150,2100,M,Upper Medium,100000,180,3000,290,2000,290,2000,0.72,1500,475,0.82,410,1700,0.72,800,290,3500,250,1500,220,130,2100,C
T204,160,2050,M,Upper Medium,103000,180,3500,290,2300,290,1500,0.72,1000,450,0.79,380,5000,0.72,800,290,3500,250,1500,210,140,2100,C
T22M,200,2000,M,Lower Heavy,126000,230,6000,300,4000,300,3000,0.79,2500,490,0.83,400,3800,0.83,800,300,3000,250,1500,,185,1300,E
T37,90,650,L,Light,2980,120,3300,280,2000,280,2000,0.6,1000,400,0.65,390,800,0.65,5000,300,5000,250,1500,,95,700,B
T38,125,800,L,Light,5670,155,33000,300,15000,300,12500,0.74,10000,450,0.78,500,950,0.78,10000,350,10000,250,1500,230,160,1000,D
TAMP,70,400,L,Light,1060,100,600,100,100,100,100,,,120,,130,450,,,120,500,120,500,70,65,200,A
TB30,80,400,L,Light,1250,110,1800,150,900,150,100,,,190,,230,700,,,190,800,190,500,85,80,400,A
TBM7,85,650,L,Light,3000,115,2000,200,1000,200,1000,,,290,0.46,300,900,,,240,1500,240,1500,,80,500,A
TBM8,110,870,L,Light,3353,160,2400,180,1500,180,1100,0.66,1000,300,0.67,310,1520,0.67,1000,170,1500,160,800,115,95,750,B
TOBA,70,400,L,Light,1150,85,600,100,100,100,100,,,100,,130,530,,,120,500,120,500,75,65,200,A
TOR,160,900,M,Lower Medium,28000,190,15000,300,15000,300,15000,0.8,12000,420,0.9,500,1600,0.85,10000,350,10000,250,1500,,145,900,D
TRIN,80,550,L,Light,1400,110,1200,130,600,130,100,,,140,,200,900,,,160,500,160,500,80,70,550,A
TUCA,85,700,L,Light,3175,115,2600,180,2000,180,1200,,,220,,300,1000,,,180,1000,180,1000,,90,600,A
UH1,,,L,Light,4309,60,1755,80,1000,80,1000,,,110,,190,275,,,110,1200,60,600,,40,,A
VC10,145,2500,H,Lower Heavy,146500,175,2300,300,1600,300,1200,0.78,1000,480,0.86,420,4300,0.75,800,300,3000,250,1500,230,150,1900,D
YK40,110,700,M,Lower Medium,16000,130,1300,200,1000,200,800,,,245,,280,1000,,800,200,2500,200,1000,170,120,400,B
YK42,130,1500,M,Upper Medium,63000,160,2500,270,1500,270,1500,0.7,1000,400,0.77,310,2500,0.7,800,270,3500,250,1500,180,130,1700,C
